Club Name,City,Stadium,Country,Est. Date,User Name,Logo
Aalborg BK,,,Denmark,,,
Aberdeen FC,,,Scotland,,,50122.png
Celtic FC,,,Scotland,,,50050.png
FC Zenit Saint Petersburg,,Petrovsky Stadium,Russia,,,52826.png
Basel FC,,,Switzerland,1893,,59856.png
FC Academia Chisinau,,,,,,
KS Ada Velipoje,,,,,,
AEK Futsal,,,,,,
AEL Limassol FC,,,,,,
Afrika,,,,,,
AIK,,,,,,
Akademia Elpides Karditsas,,,,,,
FC Akzhayik,,,,,,
Clube de Albergaria,,,,,,
Ammanford Futsal Club,,,,,,
Anorthosis Famagusta FC,,,,,,
AORC/Palestra,,,,,,
Apollon Limassol,,,,,,
Tallinna FC Ararat,,,,,,
Aris Limassol FC,,,,,,
Arras FCF,,,,,,
AS Muret,,,,,,
FC Ashdod,,,,,,
ATEKS-SDUShOR,,,,,,
FK Atlantas,,,,,,
ATEKS-SDUShOR,,,,,,
Atlético Ouriense,,,,,,
FC Augsburg,,,,,,
Arsenal,,,England,,,52280.png
Aston Villa,,,England,,,52683.png
Barnsley,,,England,,,
Birmingham City,,,England,,,
Blackburn Rovers,,,England,,,53355.png
Blackpool,,,England,,,
Bolton Wanderers,,,England,,,
Bournemouth,,,England,,,
Bradford City,,,England,,,
Burnley,,,England,,,
Cardiff City,,,England,,,
Charlton Athletic,,,England,,,69598.png
Chelsea,,,England,,,52914.png
Coventry City,,,England,,,
Crystal Palace,,,England,,,
Derby County,,,England,,,
Everton,,,England,,,52281.png
Fulham,,,England,,,
Hull City,,,England,,,
Ipswich Town,,,England,,,
Leeds United,,,England,,,
Leicester City,,,England,,,
Liverpool,Liverpool,,England,,,7889.png
Manchester City,,,England,,,52919.png
Manchester United,,,England,,,52682.png
Middlesbrough,,,England,,,
Newcastle United,,,England,,,
Norwich City,,,England,,,
Nottingham Forest,,,England,,,
Oldham Athletic,,,England,,,
Portsmouth,,,England,,,
Queens Park,,,England,,,52282.png
Rangers,,,England,,,
Reading,,,England,,,93338.png
Sheffield United,,,England,,,
Sheffield Wednesday FC,,,England,,,52922.png
Southampton,,,England,,,
Stoke City,,,England,,,53356.png
Sunderland,,,England,,,
Swansea City,,,England,,,52659.png
Swindon Town,,,England,,,
Tottenham Hotspur,,,England,,,1652.png
Watford,,,England,,,
West Bromwich,,,England,,,53359.png
Albion,,,England,,,
West Ham United,,,England,,,53358.png
Wigan Athletic,,,England,,,89696.png
Wimbledon,,,England,,,
Wolverhampton,,,England,,,
Wanderers,,,England,,,
Athletic Bilbao,Bilbao,,Spain,,,50125.png
Atlético Madrid,Madrid,,Spain,,,50124.png
Barcelona FC,Barcelona,,Spain,,,50080.png
Betis,Sevilla,,Spain,,,
Celta Vigo,Vigo,,Spain,,,
Deportivo La Coruña,A Coruña,,Spain,,,
Eibar,Eibar,,Spain,,,
Espanyol,Barcelona,,Spain,,,
Getafe,Getafe,,Spain,,,
Granada,Granada,,Spain,,,
Las Palmas,Las Palmas de Gran Canaria,,Spain,,,
Levante,Valencia,,Spain,,,
Málaga,Málaga,,Spain,,,
Rayo Vallecano,Madrid,,Spain,,,
Real Madrid,Madrid,,Spain,,,50051.png
Real Sociedad,San Sebastián,,Spain,,,
Sevilla,Seville,,Spain,,,
Sporting de Gijón,Gijón,,Spain,,,
Valencia,Valencia,,Spain,,,52268.png
Villarreal,Villarreal,,Spain,,,
Atalanta,Bergamo,Stadio Atleti Azzurri d'Italia,Italy,,,52816.png
Cagliari,Cagliari,Stadio Sant'Elia,Italy,,,
Cesena,Cesena,Stadio Dino Manuzzi,Italy,,,
Chievo,Verona,Stadio Marc'Antonio Bentegodi,Italy,,,
Empoli,Empoli,Stadio Carlo Castellani,Italy,,,64107.png
Fiorentina,Florence,Stadio Artemio Franchi,Italy,,,52817.png
Genoa,Genoa,Stadio Luigi Ferraris,Italy,,,52972.png
Internazionale,Milan,San Siro,Italy,,,50138.png
Juventus,Turin,Juventus Stadium,Italy,,,50139.png
Lazio,Rome,Stadio Olimpico,Italy,,,52973.png
AC Milan,Milan,San Siro,Italy,,,50058.png
Napoli,Naples,Stadio San Paolo,Italy,,,50136.png
Palermo,Palermo,Stadio Renzo Barbera,Italy,,,88182.png
Parma,Parma,Stadio Ennio Tardini,Italy,,,
Roma,Rome,Stadio Olimpico,Italy,,,50137.png
Sampdoria,Genoa,Stadio Luigi Ferraris,Italy,,,50089.png
Sassuolo,Sassuolo1,Mapei Stadium,Italy,,,
Torino,Turin,Olimpico di Torino,Italy,,,50029.png
Udinese,Udine,Stadio Friuli,Italy,,,
Hellas Verona,Verona,Stadio Marc'Antonio Bentegodi,Italy,,,52301.png
Avellino,Avellino,Partenio,Italy,,,
Bari,Bari,San Nicola,Italy,,,52968.png
Bologna FC,Bologna,Renato Dall'Ara,Italy,,,52969.png
Brescia,Brescia,Mario Rigamonti,Italy,,,52972.png
Carpi,Carpi,Sandro Cabassi,Italy,,,
Catania,Catania,Angelo Massimino,Italy,,,
Cittadella,Cittadella,Pier Cesare Tombolato,Italy,,,
Crotone,Crotone,Ezio Scida,Italy,,,
Frosinone,Frosinone,Matusa,Italy,,,
Latina,Latina,Domenico Francioni,Italy,,,
Livorno,Livorno,Armando Picchi,Italy,,,88183.png
Modena,Modena,Alberto Braglia,Italy,,,
Perugia,Perugia,Renato Curi,Italy,,,
Pescara,Pescara,Adriatico,Italy,,,
Pro Vercelli,Vercelli,Silvio Piola,Italy,,,
Spezia,La Spezia,Alberto Picco,Italy,,,
Ternana,Terni,Libero Liberati,Italy,,,
Trapani,Trapani,Provinciale,Italy,,,
Varese,Varese,Franco Ossola,Italy,,,
Vicenza,Vicenza,Romeo Menti,Italy,,,
Virtus Entella,Chiavari,Comunale,Italy,,,
Virtus Lanciano,Lanciano,Guido Biondi,Italy,,,
TSV 1860 München,Munich,,Germany,,,
VfR Aalen,Aalen,,Germany,,,
Alemannia Aachen,Aachen,,Germany,,,
BFC Alemannia 90 Wacker,Berlin,,Germany,,,
FC Altona 93,Hamburg,,Germany,,,
FC Anker Wismar,Wismar,,Germany,,,
Arminia Bielefeld,Bielefeld,,Germany,,,
Arminia Hannover,Hannover,,Germany,,,
FC Augsburg,Augsburg,,Germany,,,
SV Babelsberg 03,Potsdam,,Germany,,,
KSV Baunatal,Baunatal,,Germany,,,
Bayer 04 Leverkusen,Leverkusen,,Germany,,,50109.png
FC Bayern Alzenau,Alzenau,,Germany,,,
SpVgg Bayern Hof,Hof,,Germany,,,
FC Bayern Munich,Munich,,Germany,,,50037.png
SpVgg Bayreuth,Bayreuth,,Germany,,,
Berliner SV,Berlin,,Germany,,,
Bischofswerdaer FV 08,Bischofswerda,,Germany,,,
Blau-Weiß Berlin,Berlin,,Germany,,,
1. FC Bocholt,Bocholt,,Germany,,,
VfL Bochum,Bochum,,Germany,,,
Bonner SC,Bonn,,Germany,,,
Borussia Dortmund,Dortmund,,Germany,,,52758.png
Borussia Mönchengladbach,Mönchengladbach,,Germany,,,
Borussia Neunkirchen,Neunkirchen,,Germany,,,
OSC Bremerhaven,Bremerhaven,,Germany,,,
VfR Bürstadt,Bürstadt,,Germany,,,
Carl Zeiss Jena,Jena,,Germany,,,
SCC Berlin,Berlin,,Germany,,,
Chemie Böhlen,Böhlen,,Germany,,,
Chemnitzer FC,Chemnitz,,Germany,,,
BV Cloppenburg,Cloppenburg,,Germany,,,
SV Darmstadt 98,Darmstadt,,Germany,,,
SV Dessau 05,Dessau,,Germany,,,
Dresdner SC,Dresden,,Germany,,,
MSV Duisburg,Duisburg,,Germany,,,
Berliner FC Dynamo,Berlin,,Germany,,,
Dynamo Dresden,Dresden,,Germany,,,
VfB Einheit zu Pankow,Berlin,,Germany,,,
Eintracht Bad Kreuznach,Bad Kreuznach,,Germany,,,
Eintracht Bamberg,Bamberg,,Germany,,,
Eintracht Braunschweig,Braunschweig,,Germany,,,
Eintracht Frankfurt,Frankfurt,,Germany,,,
Eintracht Schwerin,Schwerin,,Germany,,,
Eintracht Trier,Trier,,Germany,,,
SV Elversberg,Spiesen-Elversberg,,Germany,,,
Energie Cottbus,Cottbus,,Germany,,,
VfB Eppingen,Eppingen,,Germany,,,
SpVgg Erkenschwick,Oer-Erkenschwick,,Germany,,,
Erzgebirge Aue,Aue,,Germany,,,
Fortuna Babelsberg,Potsdam,,Germany,,,
Fortuna Köln,Köln,,Germany,,,
Fortuna Düsseldorf,Düsseldorf,,Germany,,,
FSV Frankfurt,Frankfurt,,Germany,,,
Frankfurter FC Viktoria,Frankfurt (Oder),,Germany,,,
Freiburger FC,Freiburg,,Germany,,,
SC Freiburg,Freiburg,,Germany,,,
FV Gera Süd,Gera,,Germany,,,
FSV Glückauf Brieske-Senftenberg,Senftenberg,,Germany,,,
Goslarer SC 08,Goslar,,Germany,,,
Göttingen 05,Göttingen,,Germany,,,
SpVgg Greuther Fürth,Fürth,,Germany,,,
SG SonnenhofGroßaspach,Aspach,,Germany,,,
TSV Großbardorf,Großbardorf,,Germany,,,
FC Gütersloh 2000,Gütersloh,,Germany,,,
Hallescher FC,Halle,,Germany,,,
Hamburger SV,Hamburg,,Germany,,,
FC Hanau 93,Hanau,,Germany,,,
Hannover 96,Hannover,,Germany,,,57488.png
F.C. Hansa Rostock,Rostock,,Germany,,,
TSV Havelse,Garbsen,,Germany,,,
1. FC Heidenheim,Heidenheim,,Germany,,,
FC Heilbronn,Heilbronn,,Germany,,,
SC Herford,Herford,,Germany,,,
KSV Hessen Kassel,Kassel,,Germany,,,
Hertha BSC,Berlin,,Germany,,,
TSG 1899 Hoffenheim,Sinsheim,,Germany,,,
Holstein Kiel,Kiel,,Germany,,,
FC 08 Homburg,Homburg,,Germany,,,
HSV Barmbek-Uhlenhorst,Hamburg,,Germany,,,
FC Ingolstadt 04,Ingolstadt,,Germany,,,
SSV Jahn Regensburg,Regensburg,,Germany,,,
1. FC Kaiserslautern,Kaiserslautern,,Germany,,,
Karlsruher FV,Karlsruhe,,Germany,,,
Karlsruher SC,Karlsruhe,,Germany,,,
Kickers Emden,Emden,,Germany,,,
Kickers Offenbach,Offenbach,,Germany,,,
Kickers Würzburg,Würzburg,,Germany,,,
KFC Uerdingen 05,Krefeld,,Germany,,,
1. FC Kleve,Kleve,,Germany,,,
TuS Koblenz,Koblenz,,Germany,,,
1. FC Köln,Köln,,Germany,,,
SV Lichtenberg 47,Berlin,,Germany,,,
Sportfreunde Lotte,Lotte,,Germany,,,
1. FC Lokomotive Leipzig,Leipzig,,Germany,,,
Lokomotive Stendal,Stendal,,Germany,,,
VfB Lübeck,Lübeck,,Germany,,,
1. FC Magdeburg,Magdeburg,,Germany,,,
VfR Mannheim,Mannheim,,Germany,,,
FSV Mainz 05,Mainz,,Germany,,,
Meeraner SV,Meerane,,Germany,,,
SV Meppen,Meppen,,Germany,,,
SV Merseburg,Merseburg,,Germany,,,
ZFC Meuselwitz,Meuselwitz,,Germany,,,
SV Motor Altenburg,Altenburg,,Germany,,,
1. FC Mülheim,Mülheim an der Ruhr,,Germany,,,
1. FC Neubrandenburg,Neubrandenburg,,Germany,,,
1. FC Nuremberg,Nuremberg,,Germany,,,
FC Oberneuland,Bremen,,Germany,,,
FSV Oggersheim,Ludwigshafen,,Germany,,,
VfB Oldenburg,Oldenburg,,Germany,,,
TSR Olympia Wilhelmshaven,Wilhelmshaven,,Germany,,,
VfL Osnabrück,Osnabrück,,Germany,,,
OSV Hannover,Hannover,,Germany,,,
SC Paderborn 07,Paderborn,,Germany,,,
1. FC Pforzheim,Pforzheim,,Germany,,,
SC Pfullendorf,Pfullendorf,,Germany,,,
FK Pirmasens,Pirmasens,,Germany,,,
VFC Plauen,Plauen,,Germany,,,
FC Pommern Stralsund,Stralsund,,Germany,,,
Preußen Münster,Münster,,Germany,,,
FC Remscheid,Remscheid,,Germany,,,
SSV Reutlingen,Reutlingen,,Germany,,,
Röchling Völklingen,Völklingen,,Germany,,,
Rot-Weiss Ahlen,Ahlen,,Germany,,,
Rot-Weiss Essen,Essen,,Germany,,,
FC Rot-Weiß Erfurt,Erfurt,,Germany,,,
Rot-Weiß Oberhausen,Oberhausen,,Germany,,,
1. FC Saarbrücken,Saarbrücken,,Germany,,,
Chemie Leipzig,Leipzig,,Germany,,,
FSV Salmrohr,Salmrohr,,Germany,,,
SV Sandhausen,Sandhausen,,Germany,,,
FC Schalke 04,Gelsenkirchen,,Germany,,,57388.png
Schwarz-Weiß Essen,Essen,,Germany,,,
FC Schweinfurt 05,Schweinfurt,,Germany,,,
BSV 07 Schwenningen,Schwenningen,,Germany,,,
Spandauer SV,Berlin,,Germany,,,
Sportfreunde Siegen,Siegen,,Germany,,,
FC St. Pauli,Hamburg,,Germany,,,
FC Stahl Brandenburg,Brandenburg an der Havel,,Germany,,,
Eisenhüttenstädter FC Stahl,Eisenhüttenstadt,,Germany,,,
TSV Stahl Riesa,Riesa,,Germany,,,
SV Stahl Thale,Thale,,Germany,,,
Stuttgarter Kickers,Stuttgart,,Germany,,,
VfB Stuttgart,Stuttgart,,Germany,,,
1. Suhler SV,Suhl,,Germany,,,
SC Tasmania 1900 Berlin,Berlin,,Germany,,,
Tennis Borussia Berlin,Berlin,,Germany,,,
Türkiyemspor Berlin,Berlin,,Germany,,,
SSV Ulm 1846,Ulm,,Germany,,,
1. FC Union Berlin,Berlin,,Germany,,,
1. FC Union Solingen,Solingen,,Germany,,,
SpVgg Unterhaching,Munich,,Germany,,,
SC Verl,Verl,,Germany,,,
Viktoria Aschaffenburg,Aschaffenburg,,Germany,,,
BFC Viktoria 1889,Berlin,,Germany,,,
FC Viktoria Köln 1904,Köln,,Germany,,,
SG Wattenscheid 09,Wattenscheid,,Germany,,,
Wacker Burghausen,Burghausen,,Germany,,,
SV Waldhof Mannheim,Mannheim,,Germany,,,
DSC Wanne-Eickel,Wanne-Eickel,,Germany,,,
SV Wehen Wiesbaden,Taunusstein(Wiesbaden),,Germany,,,
SpVgg Weiden,Weiden,,Germany,,,
SC 1903 Weimar,Weimar,,Germany,,,
1. FC Weißenfels,Weißenfels,,Germany,,,
SV Werder Bremen,Bremen,,Germany,,,
SC Westfalia Herne,Herne,,Germany,,,
SV Wilhelmshaven,Wilhelmshaven,,Germany,,,
VfL Wolfsburg,Wolfsburg,,Germany,,,64332.png
Wormatia Worms,Worms,,Germany,,,
Wuppertaler SV,Wuppertal,,Germany,,,
1. FC Zeitz,Zwickau,,Germany,,,
FSV Zwickau,Zwickau,,Germany,,,
Akhisar Belediyespor,Manisa,Manisa 19 May?s Stadium,Turkey,,,
Be?ikta?,?stanbul,Atatürk Olympic Stadium,Turkey,,,
Bursaspor,Bursa,Bursa Atatürk Stadium,Turkey,,,5295.png
Çaykur Rizespor,Rize,Yeni Rize ?ehir Stad?,Turkey,,,
Eski?ehirspor,Eski?ehir,Eski?ehir Atatürk Stadium,Turkey,,,
Fenerbahçe,?stanbul,?ükrü Saraco?lu Stadium,Turkey,,,52692.png
Galatasaray,?stanbul,Türk Telekom Arena,Turkey,,,50067.png
Gaziantepspor,Gaziantep,Kamil Ocak Stadium,Turkey,,,
Gençlerbirli?i,Ankara,Ankara 19 May?s Stadium,Turkey,,,
Karabükspor,Karabük,Dr. Necmettin ?eyho?lu Stadium,Turkey,,,
Kas?mpa?a,?stanbul,Recep Tayyip Erdo?an Stadium,Turkey,,,
Kayseri Erciyesspor,Kayseri,Kadir Has Stadium,Turkey,,,
Kayserispor,Kayseri,Kadir Has Stadium,Turkey,,,
Torku Konyaspor,Konya,Konya Atatürk Stadium,Turkey,,,
Medical Park Antalyaspor,Antalya,Akdeniz University Stadium,Turkey,,,
Elaz??spor,Elaz??,Elaz?? Atatürk Stadium,Turkey,,,
Sivasspor,Sivas,Sivas 4 Eylül Stadium,Turkey,,,
Trabzonspor,Trabzon,Hüseyin Avni Aker Stadium,Turkey,,,
1461 Trabzon,Trabzon,,Turkey,1998,,
Adana Demirspor,Adana,,Turkey,1965,,
Adanaspor,Adana,,Turkey,1954,,
Ankaraspor A.?.,Ankara,,Turkey,1978,,
Bal?kesirspor,Bal?kesir,,Turkey,1966,,
Boluspor,Bolu,,Turkey,1965,,
Bucaspor,?zmir,,Turkey,1928,,
Denizlispor,Denizli,,Turkey,1966,,
Fethiyespor,Mu?la,,Turkey,1933,,
Gaziantep B.B.,Gaziantep,,Turkey,1998,,
?stanbul BBSK,Istanbul,,Turkey,1990,,
Kahramanmara?spor,Kahramanmara?,,Turkey,1969,,
Kar??yaka,?zmir,,Turkey,1912,,
Manisaspor,Manisa,,Turkey,1965,,
Mersin ?dman Yurdu,Mersin,,Turkey,1925,,
Orduspor,Ordu,,Turkey,1967,,
Samsunspor,Samsun,,Turkey,1965,,
?anl?urfaspor,?anl?urfa,,Turkey,1969,,
TK? Tav?anl? Linyitspor,Kütahya,,Turkey,1943,,
A.Académica de Coimbra,Coimbra,,Portugal,,,
FC Arouca,Arouca,,Portugal,,,
CF Os Belenenses1,Lisbon,,Portugal,,,
S.L. Benfica,Lisbon,,Portugal,,,
Boavista F.C.,Porto,,Portugal,,,
SC Braga,Braga,,Portugal,,,
GD Estoril-Praia,Estoril,,Portugal,,,
Gil Vicente F.C.,Barcelos,,Portugal,,,
CS Marítimo,"Funchal, Madeira",,Portugal,,,
Moreirense FC,Moreira de Cónegos,,Portugal,,,
CD Nacional,"Funchal, Madeira",,Portugal,,,
F.C. Paços de Ferreira,Paços de Ferreira,,Portugal,,,
F.C. Penafiel,Penafiel,,Portugal,,,
F.C. Porto,Porto,,Portugal,,,
Rio Ave F.C.,Vila do Conde,,Portugal,,,
Sporting C. da Covilhã,Lisbon,,Portugal,,,
Vitória SC,Guimarães,,Portugal,,,
Vitória FC,Setúbal,,Portugal,,,
Académico de Viseu FC,Viseu,,Portugal,,,
Atlético Clube de Portugal,Lisbon,,Portugal,,,
CD Aves,Vila das Aves,,Portugal,,,
SC Beira-Mar,Aveiro,,Portugal,,,
S.L. Benfica B,Lisbon,,Portugal,,,
SC Braga B,Braga,,Portugal,,,
GD Chaves,Chaves,,Portugal,,,
SC Covilhã,Covilhã,,Portugal,,,
SC Farense,Faro,,Portugal,,,
CD Feirense,Santa Maria da Feira,,Portugal,,,
SC Freamunde,Freamunde,,Portugal,,,
Leixões SC,Matosinhos,,Portugal,,,
CS Marítimo B,"Funchal, Madeira Islands",,Portugal,,,
SC Olhanense,Olhão,,Portugal,,,
UD Oliveirense,Oliveira de Azeméis,,Portugal,,,
C. Oriental de Lisboa,Lisbon,,Portugal,,,
Portimonense SC,Portimão,,Portugal,,,
F.C. Porto B,Porto,,Portugal,,,
CD Santa Clara,"Ponta Delgada, Azores",,Portugal,,,
Sporting Clube de Portugal B,Lisbon,,Portugal,,,
CD Tondela,Tondela,,Portugal,,,
CD Trofense,Trofa,,Portugal,,,
CF União,"Funchal, Madeira Islands",,Portugal,,,
Vitória SC B,Guimarães,,Portugal,,,
Bastia,,,France,,,
Bordeaux,,,France,,,
Caen,,,France,,,
Evianb,,,France,,,
Guingamp,,,France,,,
Lens,,,France,,,
Lille,,,France,,,
Lorient,,,France,,,
Lyon,,,France,,,5312.png
Marseillea,,,France,,,52748.png
Metza,,,France,,,
AS Monaco,,,France,,,
Montpelliera,,,France,,,
Nantes,,,France,,,
Nicea,,,France,,,
Paris Saint-Germain,,,France,,,52747.png
Rennesa,,,France,,,
Reims,,,France,,,
Saint-Étienne,,,France,,,
Toulouse,,,France,,,
Adolfsbergs IK,Örebro,,Sweden,,,
Agunnaryds IF,Ljungby,,Sweden,,,
Ahlafors IF,"Nödinge-Nol, Ale",,Sweden,,,
Akropolis IF,Stockholm,,Sweden,,,
Alby FF,Ånge,,Sweden,,,
Aledals IK,Habo,,Sweden,,,
Alets IK,Halmstad,,Sweden,,,
Alfredshems IK,Örnsköldsvik,,Sweden,,,
Alfta GOIF,Ovanåker,,Sweden,,,
Alingsås IF,Alingsås,,Sweden,,,
Almhögs Vingar IF,Malmö,,Sweden,,,
Alnö IF,Alnö,,Sweden,,,
Alsens IF,Alsen,,Sweden,,,
Alsjöholms IF,Nybro,,Sweden,,,
Alstermo IF,Alstermo,,Sweden,,,
Alterdalens IF,Altersbruk,,Sweden,,,
Alunda IF,Östhammar,,Sweden,,,
ADESG,Senador Guiomard,,Brazil,,,
Alto Acre,Epitaciolândia,,Brazil,,,
Andirá,Rio Branco,,Brazil,,,
Atlético,Rio Branco,,Brazil,,,
Galvez,Rio Branco,,Brazil,,,
Independência,Rio Branco,,Brazil,,,
Juventus,Rio Branco,,Brazil,,,
Náuas,Cruzeiro do Sul,,Brazil,,,
Plácido de Castro,Plácido de Castro,,Brazil,,,
Rio Branco,Rio Branco,,Brazil,,,
São Francisco,Rio Branco,,Brazil,,,
Vasco da Gama (AC),Rio Branco,,Brazil,,,
América (AL),São Luís do Quitunde,,Brazil,,,
ASA,Arapiraca,,Brazil,,,
Bandeirante (AL),Maceió,,Brazil,,,
Bom Jesus,Matriz de Camaragibe,,Brazil,,,
Capelense,Capela,,Brazil,,,
CEO,Olho d'Água das Flores,,Brazil,,,
Comercial,Viçosa,,Brazil,,,
Corinthians Alagoano,Maceió,,Brazil,,,
Coruripe,Coruripe,,Brazil,,,
CRB,Maceió,,Brazil,,,
CSA,Maceió,,Brazil,,,
CSE,Palmeira dos Índios,,Brazil,,,
Ferroviário (AL),Maceió,,Brazil,,,
Igreja Nova,Igreja Nova,,Brazil,,,
Ipanema,Santana do Ipanema,,Brazil,,,
Murici,Murici,,Brazil,,,
Penedense,Penedo,,Brazil,,,
Santa Rita,Boca da Mata,,Brazil,,,
São Domingos,Maceió,,Brazil,,,
São Sebastião,Porto Calvo,,Brazil,,,
Sport (AL),Atalaia,,Brazil,,,
Zumbi,União dos Palmares,,Brazil,,,
Barroso,Maceió,,Brazil,,,
Aliança,Santana,,Brazil,,,
Amapá,Macapá,,Brazil,,,
Cristal,Macapá,,Brazil,,,
Independente,Santana,,Brazil,,,
Macapá,Macapá,,Brazil,,,
Mazagão,Mazagão,,Brazil,,,
Oratório,Macapá,,Brazil,,,
Santana,Santana,,Brazil,,,
Santos (AP),Macapá,,Brazil,,,
São José (AP),Macapá,,Brazil,,,
São Paulo (AP),Macapá,,Brazil,,,
Trem,Macapá,,Brazil,,,
Ypiranga,Macapá,,Brazil,,,
América (AM),Manaus,,Brazil,,,
Clíper,Manaus,,Brazil,,,
Fast,Manaus,,Brazil,,,
Grêmio Coariense,Coari,,Brazil,,,
Holanda,Rio Preto da Eva,,Brazil,,,
Iranduba,Iranduba,,Brazil,,,
Libermorro,Manaus,,Brazil,,,
Manaus Compensão,Manaus,,Brazil,,,
Manicoré,Manicoré,,Brazil,,,
Nacional (AM),Manaus,,Brazil,,,
Olímpico,Manaus,,Brazil,,,
Operário (AM),Manacapuru,,Brazil,,,
Penarol,Itacoatiara,,Brazil,,,
Princesa do Solimões,Manacapuru,,Brazil,,,
Rio Negro,Manaus,,Brazil,,,
São Raimundo,Manaus,,Brazil,,,
Sul América,Manaus,,Brazil,,,
Tarumã,Manaus,,Brazil,,,
Manaos Athletic,Manaus,,Brazil,,,
Rodoviária,Manaus,,Brazil,,,
Astro,Feira de Santana,,Brazil,,,
Atlanta,Jequié,,Brazil,,,
Atlético de Alagoinhas,Alagoinhas,,Brazil,,,
Atlético Coiteense,Conceição do Coité,,Brazil,,,
Avenida,Ipiaú,,Brazil,,,
Bahia,Salvador,,Brazil,,,
Bahia de Feira,Feira de Santana,,Brazil,,,
Barreiras,Barreiras,,Brazil,,,
Botafogo de Salvador,Salvador,,Brazil,,,
Botafogo de Santo Amaro,Santo Amaro,,Brazil,,,
Camaçariense,Camaçari,,Brazil,,,
Camaçari,Camaçari,,Brazil,,,
Catuense,Catu,,Brazil,,,
Colo Colo,Ilhéus,,Brazil,,,
Comercial-BA,Serrinha,,Brazil,,,
Cruzeiro de Cruz das Almas,Cruz das Almas,,Brazil,,,
Eunápolis,Eunápolis,,Brazil,,,
Feirense,Feira de Santana,,Brazil,,,
Fluminense de Feira,Feira de Santana,,Brazil,,,
Galícia,Salvador,,Brazil,,,
Grapiúna,Itabuna,,Brazil,,,
Guanambi,Guanambi,,Brazil,,,
Ilhéus,Ilhéus,,Brazil,,,
Ilhota,Vera Cruz,,Brazil,,,
Ipitanga,Senhor do Bonfim,,Brazil,,,
Itabuna,Itabuna,,Brazil,,,
Jacuipense,Riachão do Jacuípe,,Brazil,,,
Jequié,Jequié,,Brazil,,,
Juazeirense,Juazeiro,,Brazil,,,
Juazeiro,Juazeiro,,Brazil,,,
Leônico,Salvador,,Brazil,,,
Madre de Deus,Madre de Deus,,Brazil,,,
Monte Rey,Vera Cruz,,Brazil,,,
Nazaré,Nazaré das Farinhas,,Brazil,,,
Paulo Afonso,Paulo Afonso,,Brazil,,,
Poções,Poções,,Brazil,,,
Ratrans,São Sebastião do Passé,,Brazil,,,
São José-BA,Amargosa,,Brazil,,,
Senzala,Camamu,,Brazil,,,
Serrano,Vitória da Conquista,,Brazil,,,
Serrinha,Serrinha,,Brazil,,,
Vitória,Salvador,,Brazil,,,
Vitória da Conquista,Vitória da Conquista,,Brazil,,,
Ypiranga,Salvador,,Brazil,,,
Ypiranga de Valença,Valença,,Brazil,,,
Palmeiras Nordeste,Feira de Santana,,Brazil,,,
Santos Dumont,Salvador,,Brazil,,,
América (CE),Fortaleza,,Brazil,,,
Barbalha,Barbalha,,Brazil,,,
Boa Viagem,Boa Viagem,,Brazil,,,
Calouros do Ar,Fortaleza,,Brazil,,,
Caucaia,Caucaia,,Brazil,,,
Ceará,Fortaleza,,Brazil,,,
Crateús,Crateús,,Brazil,,,
Crato,Crato,,Brazil,,,
Ferroviário (CE),Fortaleza,,Brazil,,,
Fortaleza,Fortaleza,,Brazil,,,
Guarani de Juazeiro,Juazeiro do Norte,,Brazil,,,
Guarany de Sobral,Sobral,,Brazil,,,
Horizonte,Horizonte,,Brazil,,,
Icasa,Juazeiro do Norte,,Brazil,,,
Itapipoca,Itapipoca,,Brazil,,,
Limoeiro,Limoeiro do Norte,,Brazil,,,
Maguary,Fortaleza,,Brazil,,,
Maracanã,Maracanaú,,Brazil,,,
Maranguape,Maranguape,,Brazil,,,
Quixadá,Quixadá,,Brazil,,,
São Benedito,São Benedito,,Brazil,,,
Terra e Mar,Fortaleza,,Brazil,,,
Tiradentes (CE),Fortaleza,,Brazil,,,
Trairiense,Trairi,,Brazil,,,
Uniclinic,Fortaleza,,Brazil,,,
Bandeirante,Núcleo Bandeirante,,Brazil,,,
Botafogo (DF),Guará,,Brazil,,,
Brasília,Brasília,,Brazil,,,
Brasiliense,Taguatinga,,Brazil,,,
Brazlândia,Brazlândia,,Brazil,,,
Capital,Brasília,,Brazil,,,
Ceilandense,Ceilândia,,Brazil,,,
Ceilândia,Ceilândia,,Brazil,,,
CFZ,Brasília,,Brazil,,,
Dom Pedro,Núcleo Bandeirante,,Brazil,,,
Formosa,Formosa,,Brazil,,,
Gama,Gama,,Brazil,,,
Guará,Guará,,Brazil,,,
Legião,Brasília,,Brazil,,,
Luziânia,Luziânia,,Brazil,,,
Paranoá,Paranoá,,Brazil,,,
Planaltina,Planaltina,,Brazil,,,
Sobradinho,Sobradinho,,Brazil,,,
Taguatinga,Taguatinga,,Brazil,,,
Unaí Itapuã,Unaí,,Brazil,,,
CEUB,Brasília,,Brazil,,,
Tiradentes,Brasília,,Brazil,,,
Alegrense,Alegre,,Brazil,,,
Aracruz,Aracruz,,Brazil,,,
Desportiva Ferroviária,Cariacica,,Brazil,,,
Cachoeiro,Cachoeiro de Itapemirim,,Brazil,,,
Castelo,Castelo,,Brazil,,,
Colatina,Colatina,,Brazil,,,
Colatinense,Colatina,,Brazil,,,
Conilon,Jaguaré,,Brazil,,,
Espírito Santo,Anchieta,,Brazil,,,
Espírito Santo SE,Colatina,,Brazil,,,
Estrela do Norte,Cachoeiro de Itapemirim,,Brazil,,,
Guarapari,Guarapari,,Brazil,,,
Jaguaré,Jaguaré,,Brazil,,,
Linhares,Linhares,,Brazil,,,
Real Madri,Colatina,,Brazil,,,
Real Noroeste,Águia Branca,,Brazil,,,
Rio Bananal,Rio Bananal,,Brazil,,,
Rio Branco,Vitória,,Brazil,,,
São Mateus,São Mateus,,Brazil,,,
Serra,Serra,,Brazil,,,
Tupy,Vila Velha,,Brazil,,,
Veneciano,Nova Venécia,,Brazil,,,
Vilavelhense,Vila Velha,,Brazil,,,
Vitória,Vitória,,Brazil,,,
Colatina,Colatina,,Brazil,,,
Linhares,Linhares,,Brazil,,,
Muniz Freire,Muniz Freire,,Brazil,,,
Nova Venécia,Nova Venécia,,Brazil,,,
América (GO),Morrinhos,,Brazil,,,
Anapolina,Anápolis,,Brazil,,,
Aparecidense,Aparecida de Goiânia,,Brazil,,,
Atlético Goianiense,Goiânia,,Brazil,,,
Canedense,Senador Canedo,,Brazil,,,
CRAC,Catalão,,Brazil,,,
Goianésia,Goianésia,,Brazil,,,
Goiânia,Goiânia,,Brazil,,,
Goiás,Goiânia,,Brazil,,,
Goiatuba,Goiatuba,,Brazil,,,
Grêmio Anápolis,Anápolis,,Brazil,,,
Itumbiara,Itumbiara,,Brazil,,,
Jataí,Jataí,,Brazil,,,
Jataiense,Jataí,,Brazil,,,
Mineiros,Mineiros,,Brazil,,,
Morrinhos,Morrinhos,,Brazil,,,
Novo Horizonte,Ipameri,,Brazil,,,
Rio Verde,Rio Verde,,Brazil,,,
Rioverdense,Rio Verde,,Brazil,,,
Santa Helena,Santa Helena de Goiás,,Brazil,,,
Trindade,Trindade,,Brazil,,,
Vila Nova,Goiânia,,Brazil,,,
Ferroviário,Goiânia,,Brazil,,,
Grêmio Inhumense,Inhumas,,Brazil,,,
Americano,Bacabal,,Brazil,,,
Bacabal,Bacabal,,Brazil,,,
Boa Vontade,São Luís,,Brazil,,,
Caxiense,Caxias,,Brazil,,,
Chapadinha,Chapadinha,,Brazil,,,
Comerciário,São Luís,,Brazil,,,
Cordino,Barra do Corda,,Brazil,,,
Ferroviário (MA),São Luís,,Brazil,,,
IAPE,São Luís,,Brazil,,,
Imperatriz,Imperatriz,,Brazil,,,
JV Lideral,Imperatriz,,Brazil,,,
Maranhão,São Luís,,Brazil,,,
Marília,Imperatriz,,Brazil,,,
Moto Club,São Luís,,Brazil,,,
Nacional (MA),Santa Inês,,Brazil,,,
Sabiá,Caxias,,Brazil,,,
Sampaio Corrêa,São Luís,,Brazil,,,
Santa Inês,Santa Inês,,Brazil,,,
Santa Quitéria,Santa Quitéria do Maranhão,,Brazil,,,
São Bento,São Bento,,Brazil,,,
São José (MA),São José de Ribamar,,Brazil,,,
Tocantins (MA),Imperatriz,,Brazil,,,
Viana,Viana,,Brazil,,,
Araguaia,Alto Araguaia,,Brazil,,,
Arsenal,Sorriso,,Brazil,,,
Barra do Garças,Barra do Garças,,Brazil,,,
Cacerense,Cáceres,,Brazil,,,
CRAC,Campo Verde,,Brazil,,,
Cuiabá,Cuiabá,,Brazil,,,
Dom Bosco,Cuiabá,,Brazil,,,
Jaciara,Jaciara,,Brazil,,,
Juventude,Primavera do Leste,,Brazil,,,
Luverdense,Lucas do Rio Verde,,Brazil,,,
Mixto,Cuiabá,,Brazil,,,
Nova Xavantina,Nova Xavantina,,Brazil,,,
Operário,Várzea Grande,,Brazil,,,
Primavera,Primavera do Leste,,Brazil,,,
Rondonópolis,Rondonópolis,,Brazil,,,
Sinop,Sinop,,Brazil,,,
Sorriso,Sorriso,,Brazil,,,
Tangará,Tangará da Serra,,Brazil,,,
União,Rondonópolis,,Brazil,,,
Vila Aurora,Rondonópolis,,Brazil,,,
Atlético (MT),Cuiabá,,Brazil,,,
Berga,Cuiabá,,Brazil,,,
Santa Cruz,Barra do Bugres,,Brazil,,,
AA Sinop,Sinop,,Brazil,,,
Sinop EC,Sinop,,Brazil,,,
Águia Negra,Rio Brilhante,,Brazil,,,
Aquidauanense,Aquidauana,,Brazil,,,
Campo Grande,Campo Grande,,Brazil,,,
Cassilandense,Cassilândia,,Brazil,,,
CENE,Campo Grande,,Brazil,,,
Colorado,Caarapó,,Brazil,,,
Comercial,Campo Grande,,Brazil,,,
Corumbaense,Corumbá,,Brazil,,,
Coxim,Coxim,,Brazil,,,
Itaporã,Itaporã,,Brazil,,,
Ivinhema,Ivinhema,,Brazil,,,
Maracaju,Maracaju,,Brazil,,,
Misto,Três Lagoas,,Brazil,,,
Moreninhas,Campo Grande,,Brazil,,,
Naviraiense,Naviraí,,Brazil,,,
Novoperário,Campo Grande,,Brazil,,,
Operário,Campo Grande,,Brazil,,,
Operário de Dourados,Dourados,,Brazil,,,
Pantanal,Corumbá,,Brazil,,,
Paranaibense,Paranaíba,,Brazil,,,
Ponta Porã,Ponta Porã,,Brazil,,,
Rio Verde,Rio Verde de Mato Grosso,,Brazil,,,
Saad,Campo Grande,,Brazil,,,
Sete de Setembro,Dourados,,Brazil,,,
SERC,Chapadão do Sul,,Brazil,,,
Taveirópolis,Campo Grande,,Brazil,,,
URSO,Mundo Novo,,Brazil,,,
Corinthians (MS),Bataguassu,,Brazil,,,
Ubiratan,Dourados,,Brazil,,,
América Mineiro,Belo Horizonte,,Brazil,,,
América de Teófilo Otoni,Teófilo Otoni,,Brazil,,,
Araxá,Araxá,,Brazil,,,
Arsenal,Santa Luzia,,Brazil,,,
Atlético Mineiro,Belo Horizonte,,Brazil,,,
Caldense,Poços de Caldas,,Brazil,,,
CAP Uberlândia,Uberlândia,,Brazil,,,
Coimbra,Itaúna,,Brazil,,,
Cruzeiro,Belo Horizonte,,Brazil,,,
Democrata (GV),Governador Valadares,,Brazil,,,
Democrata (SL),Sete Lagoas,,Brazil,,,
Esportivo,Passos,,Brazil,,,
Fabril,Lavras,,Brazil,,,
Fluminense (MG),Araguari,,Brazil,,,
Formiga,Formiga,,Brazil,,,
Funorte,Montes Claros,,Brazil,,,
Guarani (MG),Divinópolis,,Brazil,,,
Ipatinga,Ipatinga,,Brazil,,,
Ituiutaba,Ituiutaba,,Brazil,,,
Jacutinga,Jacutinga,,Brazil,,,
Mamoré,Patos de Minas,,Brazil,,,
Passense,Passos,,Brazil,,,
Nacional de Muriaé,Muriaé,,Brazil,,,
Nacional de Nova Serrana,Nova Serrana,,Brazil,,,
Nacional de Uberaba,Uberaba,,Brazil,,,
Olympic,Barbacena,,Brazil,,,
Rio Branco de Andradas,Andradas,,Brazil,,,
Siderúrgica,Sabará,,Brazil,,,
Social,Coronel Fabriciano,,Brazil,,,
Tombense,Tombos,,Brazil,,,
Tupi,Juiz de Fora,,Brazil,,,
Tupynambás,Juiz de Fora,,Brazil,,,
Uberaba,Uberaba,,Brazil,,,
Uberlândia,Uberlândia,,Brazil,,,
URT,Patos de Minas,,Brazil,,,
Valeriodoce,Itabira,,Brazil,,,
Villa Nova,Nova Lima,,Brazil,,,
Flamengo (MG),Varginha,,Brazil,,,
Patrocinense,Patrocínio,,Brazil,,,
Poços de Caldas,Poços de Caldas,,Brazil,,,
Yale,Belo Horizonte,,Brazil,,,
Abaeté,Abaetetuba,,Brazil,,,
Águia de Marabá,Marabá,,Brazil,,,
Ananindeua,Ananindeua,,Brazil,,,
Bragantino,Bragança,,Brazil,,,
Cametá,Cametá,,Brazil,,,
Castanhal,Castanhal,,Brazil,,,
Gavião Kyikatejê,Bom Jesus do Tocantins,,Brazil,,,
Independente,Tucuruí,,Brazil,,,
Izabelense,Santa Isabel do Pará,,Brazil,,,
Paragominas,Paragominas,,Brazil,,,
Parauapebas,Parauapebas,,Brazil,,,
Paysandu,Belém,,Brazil,,,
Remo,Belém,,Brazil,,,
Santa Cruz,Salinópolis,,Brazil,,,
Santa Rosa,"Icoaraci, Belém",,Brazil,,,
São Francisco,Santarém,,Brazil,,,
São Raimundo,Santarém,,Brazil,,,
Sport Belém,Belém,,Brazil,,,
Tapajós,Santarém,,Brazil,,,
Time Negra,Belém,,Brazil,,,
Tuna Luso,Belém,,Brazil,,,
Vila Rica,Belém,,Brazil,,,
União Esportiva,Belém,,Brazil,,,
América de Caaporã,Caaporã,,Brazil,,,
Atlético Cajazeirense,Cajazeiras,,Brazil,,,
Auto Esporte,João Pessoa,,Brazil,,,
Botafogo (PB),João Pessoa,,Brazil,,,
Campinense,Campina Grande,,Brazil,,,
Cruzeiro (PB),Itaporanga,,Brazil,,,
CSP,João Pessoa,,Brazil,,,
Esporte,Patos,,Brazil,,,
Flamengo Paraibano,João Pessoa,,Brazil,,,
Desportiva Guarabira,Guarabira,,Brazil,,,
Miramar,Cabedelo,,Brazil,,,
Nacional de Cabedelo,Cabedelo,,Brazil,,,
Nacional de Patos,Patos,,Brazil,,,
Paraíba,Cajazeiras,,Brazil,,,
Perilima,Campina Grande,,Brazil,,,
Santa Cruz (PB),Santa Rita,,Brazil,,,
Santos (PB),João Pessoa,,Brazil,,,
Sousa,Sousa,,Brazil,,,
Treze,Campina Grande,,Brazil,,,
Confiança (PB),Sapé,,Brazil,,,
Adap Galo,Maringá,,Brazil,,,
Apucarana,Apucarana,,Brazil,,,
Arapongas,Arapongas,,Brazil,,,
Atlético Paranaense,Curitiba,,Brazil,,,
Batel,Guarapuava,,Brazil,,,
Cascavel,Cascavel,,Brazil,,,
FC Cascavel,Cascavel,,Brazil,,,
Cianorte,Cianorte,,Brazil,,,
Comercial (PR),Cornélio Procópio,,Brazil,,,
Coritiba,Curitiba,,Brazil,,,
Engenheiro Beltrão,Engenheiro Beltrão,,Brazil,,,
Foz do Iguaçu,Foz do Iguaçu,,Brazil,,,
Francisco Beltrão,Francisco Beltrão,,Brazil,,,
Hawaí,Campo Mourão,,Brazil,,,
Iguaçu,União da Vitória,,Brazil,,,
Iraty,Irati,,Brazil,,,
J. Malucelli,Curitiba,,Brazil,,,
Londrina,Londrina,,Brazil,,,
Matsubara,Cambará,,Brazil,,,
Nacional,Rolândia,,Brazil,,,
Operário,Ponta Grossa,,Brazil,,,
Paraná,Curitiba,,Brazil,,,
Paranavaí,Paranavaí,,Brazil,,,
Pato Branco,Pato Branco,,Brazil,,,
Pitanguense,Pitanga,,Brazil,,,
Portuguesa,Londrina,,Brazil,,,
Prudentópolis EC,Prudentópolis,,Brazil,,,
Prudentópolis FC,Prudentópolis,,Brazil,,,
PSTC,Londrina,,Brazil,,,
Real Brasil,Curitiba,,Brazil,,,
Rio Branco,Paranaguá,,Brazil,,,
Roma,Apucarana,,Brazil,,,
Toledo,Toledo,,Brazil,,,
Umuarama,Umuarama,,Brazil,,,
ADAP,Campo Mourão,,Brazil,,,
América (PR),Curitiba,,Brazil,,,
Britânia,Curitiba,,Brazil,,,
Cambaraense,Cambará,,Brazil,,,
Cascavel,Cascavel,,Brazil,,,
Colorado,Curitiba,,Brazil,,,
Ferroviário (PR),Curitiba,,Brazil,,,
Galo Maringá,Maringá,,Brazil,,,
Grêmio Maringá,Maringá,,Brazil,,,
Internacional (PR),Curitiba,,Brazil,,,
Monte Alegre,Telêmaco Borba,,Brazil,,,
Palestra Itália (PR),Curitiba,,Brazil,,,
Pinheiros (PR),Curitiba,,Brazil,,,
Ponta Grossa,Ponta Grossa,,Brazil,,,
União Bandeirante,Bandeirantes,,Brazil,,,
1º de Maio,Petrolina,,Brazil,,,
América (PE),Paulista,,Brazil,,,
Araripina,Araripina,,Brazil,,,
Belo Jardim,Belo Jardim,,Brazil,,,
Cabense,Cabo de Santo Agostinho,,Brazil,,,
Central,Caruaru,,Brazil,,,
Centro Limoeirense,Limoeiro,,Brazil,,,
Estudantes,Timbaúba,,Brazil,,,
Ferroviário (PE),Serra Talhada,,Brazil,,,
Ferroviário do Recife,Recife,,Brazil,,,
Flamengo de Arcoverde,Arcoverde,,Brazil,,,
Íbis,Olinda,,Brazil,,,
Itacuruba,Itacuruba,,Brazil,,,
Manchete,Recife,,Brazil,,,
Náutico,Recife,,Brazil,,,
Paulistano,Paulista,,Brazil,,,
Petrolina,Petrolina,,Brazil,,,
Porto (PE),Caruaru,,Brazil,,,
Salgueiro,Salgueiro,,Brazil,,,
Santa Cruz,Recife,,Brazil,,,
Serrano (PE),Serra Talhada,,Brazil,,,
Sete de Setembro,Garanhuns,,Brazil,,,
Sport,Recife,,Brazil,,,
Timbaúba,Timbaúba,,Brazil,,,
Vera Cruz,Vitória de Santo Antão,,Brazil,,,
Vitória (PE),Vitória de Santo Antão,,Brazil,,,
Ypiranga,Santa Cruz do Capibaribe,,Brazil,,,
Unibol,Paulista,,Brazil,,,
Vitória das Tabocas,Vitória de Santo Antão,,Brazil,,,
Flamengo (PE),Recife,,Brazil,,,
Torre,Recife,,Brazil,,,
Tramways,Recife,,Brazil,,,
4 de Julho,Piripiri,,Brazil,,,
Auto Esporte (PI),Teresina,,Brazil,,,
Barras,Barras,,Brazil,,,
Caiçara,Campo Maior,,Brazil,,,
Comercial (PI),Campo Maior,,Brazil,,,
Cori-Sabbá,Floriano,,Brazil,,,
Flamengo (PI),Teresina,,Brazil,,,
Parnahyba,Parnaíba,,Brazil,,,
Piauí,Teresina,,Brazil,,,
Picos,Picos,,Brazil,,,
Princesa do Sul,Floriano,,Brazil,,,
Ríver,Teresina,,Brazil,,,
Tiradentes,Teresina,,Brazil,,,
Botafogo (PI),Teresina,,Brazil,,,
America,Rio de Janeiro,,Brazil,,,
América (TR),Três Rios,,Brazil,,,
Americano,Campos dos Goytacazes,,Brazil,,,
Angra dos Reis,Angra dos Reis,,Brazil,,,
Aperibeense,Aperibé,,Brazil,,,
Artsul,Nova Iguaçu,,Brazil,,,
Audax Rio de Janeiro,São João de Meriti,,Brazil,,,
Bangu,Rio de Janeiro,,Brazil,,,
Barcelona,Rio de Janeiro,,Brazil,,,
Barra Mansa,Barra Mansa,,Brazil,,,
Bela Vista,Niterói,,Brazil,,,
Boavista,Saquarema,,Brazil,,,
Bonsucesso,Rio de Janeiro,,Brazil,,,
Botafogo,Rio de Janeiro,,Brazil,,,
Bréscia,Magé,,Brazil,,,
Cabofriense,Cabo Frio,,Brazil,,,
Campo Grande,Rio de Janeiro,,Brazil,,,
Carapebus,Carapebus,,Brazil,,,
Cardoso Moreira,Cardoso Moreira,,Brazil,,,
Casimiro de Abreu,Casimiro de Abreu,,Brazil,,,
Castelo Branco,Rio de Janeiro,,Brazil,,,
Ceres,Rio de Janeiro,,Brazil,,,
CFZ do Rio,Rio de Janeiro,,Brazil,,,
Duque de Caxias,Duque de Caxias,,Brazil,,,
Duquecaxiense,Duque de Caxias,,Brazil,,,
Entrerriense,Três Rios,,Brazil,,,
Faissal,Itaboraí,,Brazil,,,
Fênix,Barra Mansa,,Brazil,,,
Flamengo,Rio de Janeiro,,Brazil,,,
Fluminense,Rio de Janeiro,,Brazil,,,
Fonseca,Niterói,,Brazil,,,
Friburguense,Nova Friburgo,,Brazil,,,
Futuro Bem Próximo,Rio de Janeiro,,Brazil,,,
Goytacaz,Campos dos Goytacazes,,Brazil,,,
Guanabara,Araruama,,Brazil,,,
Imperial,Petrópolis,,Brazil,,,
Itaperuna,Itaperuna,,Brazil,,,
Juventus (RJ),Rio de Janeiro,,Brazil,,,
La Coruña,Rio de Janeiro,,Brazil,,,
Macaé,Macaé,,Brazil,,,
Madureira,Rio de Janeiro,,Brazil,,,
Mesquita,Mesquita,,Brazil,,,
Nilópolis,Nilópolis,,Brazil,,,
Nova Cidade,Nilópolis,,Brazil,,,
Nova Iguaçu,Nova Iguaçu,,Brazil,,,
Olaria,Rio de Janeiro,,Brazil,,,
Portuguesa,Rio de Janeiro,,Brazil,,,
Quissamã,Quissamã,,Brazil,,,
Resende,Resende,,Brazil,,,
Rio Bonito,Rio Bonito,,Brazil,,,
Rio Branco,Campos dos Goytacazes,,Brazil,,,
Rubro Social,Araruama,,Brazil,,,
Sampaio Corrêa (RJ),Saquarema,,Brazil,,,
Santa Cruz (RJ),Rio de Janeiro,,Brazil,,,
São Cristóvão,Rio de Janeiro,,Brazil,,,
São João da Barra,São João da Barra,,Brazil,,,
Serra Macaense,Macaé,,Brazil,,,
Serrano,Petrópolis,,Brazil,,,
Teresópolis,Teresópolis,,Brazil,,,
Tigres do Brasil,Rio de Janeiro,,Brazil,,,
Tio Sam,Niterói,,Brazil,,,
Tomazinho,São João de Meriti,,Brazil,,,
União Central,Rio de Janeiro,,Brazil,,,
União de Marechal Hermes,Rio de Janeiro,,Brazil,,,
Vasco da Gama,Rio de Janeiro,,Brazil,,,
Villa Rio,Rio de Janeiro,,Brazil,,,
Volta Redonda,Volta Redonda,,Brazil,,,
Barra (RJ),Teresópolis,,Brazil,,,
Bayer,Belford Roxo,,Brazil,,,
Eletrovapo,Niterói,,Brazil,,,
Football and Athletic,Rio de Janeiro,,Brazil,,,
Mangueira,Rio de Janeiro,,Brazil,,,
Manufatora,Niterói,,Brazil,,,
Paissandu,Rio de Janeiro,,Brazil,,,
Rio Cricket,Rio de Janeiro,,Brazil,,,
Rodoviário,Piraí,,Brazil,,,
ABC,Natal,,Brazil,,,
Alecrim,Natal,,Brazil,,,
América de Natal,Natal,,Brazil,,,
ASSU,Assu,,Brazil,,,
Baraúnas,Mossoró,,Brazil,,,
Centenário Pauferrense,Pau dos Ferros,,Brazil,,,
Coríntians,Caicó,,Brazil,,,
Globo,Ceará-Mirim,,Brazil,,,
Macau,Macau,,Brazil,,,
Palmeira,Goianinha,,Brazil,,,
Pauferrense,Pau dos Ferros,,Brazil,,,
Potiguar,Mossoró,,Brazil,,,
Potiguar de Parnamirim,Parnamirim,,Brazil,,,
Potyguar de Currais Novos,Currais Novos,,Brazil,,,
Santa Cruz,Santa Cruz,,Brazil,,,
São Gonçalo,São Gonçalo do Amarante,,Brazil,,,
14 de Julho,Santana do Livramento,,Brazil,,,
15 de Novembro,Campo Bom,,Brazil,,,
Aimoré,São Leopoldo,,Brazil,,,
Atlético Carazinho,Carazinho,,Brazil,,,
Avenida,Santa Cruz do Sul,,Brazil,,,
Bagé,Bagé,,Brazil,,,
Brasil de Farroupilha,Farroupilha,,Brazil,,,
Brasil de Pelotas,Pelotas,,Brazil,,,
Canoas,Canoas,,Brazil,,,
Canoas,Canoas,,Brazil,,,
Caxias,Caxias do Sul,,Brazil,,,
Cerâmica,Gravataí,,Brazil,,,
Cruzeiro (RS),Porto Alegre,,Brazil,,,
Esportivo,Bento Gonçalves,,Brazil,,,
Farroupilha,Pelotas,,Brazil,,,
Garibaldi,Garibaldi,,Brazil,,,
Gaúcho,Passo Fundo,,Brazil,,,
Glória,Vacaria,,Brazil,,,
Grêmio,Porto Alegre,,Brazil,,,
Grêmio Santanense,Santana do Livramento,,Brazil,,,
Guarani,Venâncio Aires,,Brazil,,,
Guarany de Bagé,Bagé,,Brazil,,,
Guarany de Camaquã,Camaquã,,Brazil,,,
Guarany de Cruz Alta,"Cruz Alta, Rio Grande do Sul",,Brazil,,,
Igrejinha,Igrejinha,,Brazil,,,
Internacional,Porto Alegre,,Brazil,,,
Internacional (SM),Santa Maria,,Brazil,,,
Juventude,Caxias do Sul,,Brazil,,,
Juventus,Santa Rosa,,Brazil,,,
Lajeadense,Lajeado,,Brazil,,,
Milan,Júlio de Castilhos,,Brazil,,,
Mundo Novo,Três Coroas,,Brazil,,,
Nacional (RS),Cruz Alta,,Brazil,,,
Nova Prata,Nova Prata,,Brazil,,,
Novo Hamburgo,Novo Hamburgo,,Brazil,,,
Panambi,Panambi,,Brazil,,,
Passo Fundo,Passo Fundo,,Brazil,,,
Pedrabranca,Alvorada,,Brazil,,,
Pelotas,Pelotas,,Brazil,,,
Porto Alegre,Porto Alegre,,Brazil,,,
Rio Grande,Rio Grande,,Brazil,,,
Riograndense,Santa Maria,,Brazil,,,
Riopardense,Rio Pardo,,Brazil,,,
Santa Cruz (RS),Santa Cruz do Sul,,Brazil,,,
Santo Ângelo,Santo Ângelo,,Brazil,,,
São Gabriel,São Gabriel,,Brazil,,,
São José de Porto Alegre,Porto Alegre,,Brazil,,,
São Luiz,Ijuí,,Brazil,,,
São Paulo (RS),Rio Grande,,Brazil,,,
Sapucaiense,Sapucaia do Sul,,Brazil,,,
Três Passos,Três Passos,,Brazil,,,
Tupy,Crissiumal,,Brazil,,,
União Frederiquense,Frederico Westphalen,,Brazil,,,
Uruguaiana,Uruguaiana,,Brazil,,,
Veranópolis,Veranópolis,,Brazil,,,
Ypiranga,Erechim,,Brazil,,,
Americano de Porto Alegre,Porto Alegre,,Brazil,,,
Força e Luz,Porto Alegre,,Brazil,,,
Renner,Porto Alegre,,Brazil,,,
Ajax,Vilhena,,Brazil,,,
Ariquemes,Ariquemes,,Brazil,,,
CFA,Porto Velho,,Brazil,,,
Cruzeiro (RO),Porto Velho,,Brazil,,,
Espigão,Espigão d'Oeste,,Brazil,,,
Genus,Porto Velho,,Brazil,,,
Grêmio Recreativo,Espigão d'Oeste,,Brazil,,,
Guajará,Guajará-Mirim,,Brazil,,,
Ji-Paraná,Ji-Paraná,,Brazil,,,
Moto Clube,Porto Velho,,Brazil,,,
Pimentense,Pimenta Bueno,,Brazil,,,
Rolim de Moura,Rolim de Moura,,Brazil,,,
Shallon,Porto Velho,,Brazil,,,
União Cacoalense,Cacoal,,Brazil,,,
Vilhena,Vilhena,,Brazil,,,
Ariquemes,Ariquemes,,Brazil,,,
Ferroviário (RO),Porto Velho,,Brazil,,,
Flamengo,Porto Velho,,Brazil,,,
Ulbra Ji-Paraná,Ji-Paraná,,Brazil,,,
Baré,Boa Vista,,Brazil,,,
GAS,Boa Vista,,Brazil,,,
Náutico (RR),Boa Vista,,Brazil,,,
Progresso,Mucajaí,,Brazil,,,
Real,São Luiz do Anauá,,Brazil,,,
Rio Negro,Boa Vista,,Brazil,,,
Roraima,Boa Vista,,Brazil,,,
River (RR),Boa Vista,,Brazil,,,
São Raimundo,Boa Vista,,Brazil,,,
Atlético Cidade,Tubarão,,Brazil,,,
Atlético Alto Vale,Rio do Sul,,Brazil,,,
Avaí,Florianópolis,,Brazil,,,
Brusque,Brusque,,Brazil,,,
Camboriú,Camboriú,,Brazil,,,
Caxias (SC),Joinville,,Brazil,,,
Chapecoense,Chapecó,,Brazil,,,
Concórdia,Concórdia,,Brazil,,,
Criciúma,Criciúma,,Brazil,,,
Figueirense,Florianópolis,,Brazil,,,
Guarani de Palhoça,Palhoça,,Brazil,,,
Hercílio Luz,Tubarão,,Brazil,,,
Hermann Aichinger,Ibirama,,Brazil,,,
Imbituba,Imbituba,,Brazil,,,
Inter de Lages,Lages,,Brazil,,,
Joinville,Joinville,,Brazil,,,
Juventus,Jaraguá do Sul,,Brazil,,,
Marcílio Dias,Itajaí,,Brazil,,,
Metropolitano,Blumenau,,Brazil,,,
Operários Mafrenses,Mafra,,Brazil,,,
Porto (SC),Porto União,,Brazil,,,
Próspera,Criciúma,,Brazil,,,
Tubarão,Tubarão,,Brazil,,,
Xanxerense,Xanxerê,,Brazil,,,
América (SC),Joinville,,Brazil,,,
Carlos Renaux,Brusque,,Brazil,,,
Lauro Müller,Itajaí,,Brazil,,,
Metropol,Criciúma,,Brazil,,,
Olímpico,Blumenau,,Brazil,,,
Paula Ramos,Florianópolis,,Brazil,,,
Paysandu (SC),Brusque,,Brazil,,,
Água Santa,Diadema,,Brazil,,,
América (SP),São José do Rio Preto,,Brazil,,,
Americana,Americana,,Brazil,,,
Américo,Américo Brasiliense,,Brazil,,,
Assisense,Assis,,Brazil,,,
Atibaia,Atibaia,,Brazil,,,
Atlético Sorocaba,Sorocaba,,Brazil,,,
Audax São Paulo,Osasco,,Brazil,,,
Bandeirante,Birigüi,,Brazil,,,
Barretos,Barretos,,Brazil,,,
Barueri,Barueri,,Brazil,,,
Batatais,Batatais,,Brazil,,,
Botafogo,Ribeirão Preto,,Brazil,,,
Bragantino,Bragança Paulista,,Brazil,,,
Brasa,Mirassol,,Brazil,,,
Brasilis,Águas de Lindóia,,Brazil,,,
CAL/Bariri,Bariri,,Brazil,,,
Capivariano,Capivari,,Brazil,,,
Comercial,Ribeirão Preto,,Brazil,,,
Corinthians,São Paulo,,Brazil,,,
Corinthians B,São Paulo,,Brazil,,,
Desportivo Brasil,Porto Feliz,,Brazil,,,
ECO,Osasco,,Brazil,,,
ECUS,Suzano,,Brazil,,,
Elosport,Capão Bonito,,Brazil,,,
Fernandópolis,Fernandópolis,,Brazil,,,
Ferroviária,Araraquara,,Brazil,,,
Flamengo de Guarulhos,Guarulhos,,Brazil,,,
Francana,Franca,,Brazil,,,
Grêmio Catanduvense,Catanduva,,Brazil,,,
Grêmio Barueri,Barueri,,Brazil,,,
Grêmio Osasco,Osasco,,Brazil,,,
Guaçuano,Mogi Guaçu,,Brazil,,,
Guarani,Campinas,,Brazil,,,
Guaratinguetá,Guaratinguetá,,Brazil,,,
Guarujá,Guarujá,,Brazil,,,
Guarulhos,Guarulhos,,Brazil,,,
Independente,Limeira,,Brazil,,,
Inter de Bebedouro,Bebedouro,,Brazil,,,
Inter de Limeira,Limeira,,Brazil,,,
Itapirense,Itapira,,Brazil,,,
Ituano,Itu,,Brazil,,,
Jabaquara,Santos,,Brazil,,,
Jaboticabal,Jaboticabal,,Brazil,,,
Jacareí,Jacareí,,Brazil,,,
Jalesense,Jales,,Brazil,,,
Joseense,São José dos Campos,,Brazil,,,
Juventus (SP),São Paulo,,Brazil,,,
Lemense,Leme,,Brazil,,,
Linense,Lins,,Brazil,,,
Manthiqueira,Guaratinguetá,,Brazil,,,
Marília,Marília,,Brazil,,,
Matonense,Matão,,Brazil,,,
Mauaense,Mauá,,Brazil,,,
Mirassol,Mirassol,,Brazil,,,
Mogi Mirim,Mogi-Mirim,,Brazil,,,
Monte Azul,Monte Azul,,Brazil,,,
Nacional,São Paulo,,Brazil,,,
Noroeste,Bauru,,Brazil,,,
Grêmio Novorizontino,Novo Horizonte,,Brazil,,,
Oeste,Itápolis,,Brazil,,,
Olé Brasil,Ribeirão Preto,,Brazil,,,
Olímpia,Olímpia,,Brazil,,,
Osasco,Osasco,,Brazil,,,
Osvaldo Cruz,Osvaldo Cruz,,Brazil,,,
Palestra,São Bernardo do Campo,,Brazil,,,
Palmeiras,São Paulo,,Brazil,,,
Palmeiras B,São Paulo,,Brazil,,,
Palmeirinha,Porto Ferreira,,Brazil,,,
Paraguaçuense,Paraguaçu Paulista,,Brazil,,,
Paulínia,Paulínia,,Brazil,,,
Paulista,Jundiaí,,Brazil,,,
Penapolense,Penápolis,,Brazil,,,
Pirassununguense,Pirassununga,,Brazil,,,
Ponte Preta,Campinas,,Brazil,,,
Portuguesa,São Paulo,,Brazil,,,
Portuguesa Santista,Santos,,Brazil,,,
Primavera,Indaiatuba,,Brazil,,,
Primeira Camisa,São José dos Campos,,Brazil,,,
Radium,Mococa,,Brazil,,,
Red Bull Brasil,São Paulo,,Brazil,,,
Rio Branco,Americana,,Brazil,,,
Rio Claro,Rio Claro,,Brazil,,,
Rio Preto,São José do Rio Preto,,Brazil,,,
Santacruzense,Santa Cruz do Rio Pardo,,Brazil,,,
Santo André,Santo André,,Brazil,,,
Santos,Santos,,Brazil,,,
São Bento,Sorocaba,,Brazil,,,
São Bernardo,São Bernardo do Campo,,Brazil,,,
São Carlos,São Carlos,,Brazil,,,
São Caetano,São Caetano do Sul,,Brazil,,,
São José,São José dos Campos,,Brazil,,,
São Judas Tadeu,Jaguariúna,,Brazil,,,
São Paulo,São Paulo,,Brazil,,,
São Vicente,São Vicente,,Brazil,,,
Sertãozinho,Sertãozinho,,Brazil,,,
Sumaré,Sumaré,,Brazil,,,
Taboão da Serra,Taboão da Serra,,Brazil,,,
Taquaritinga,Taquaritinga,,Brazil,,,
Taubaté,Taubaté,,Brazil,,,
Tanabi,Tanabi,,Brazil,,,
Tupã,Tupã,,Brazil,,,
União Barbarense,Santa Bárbara d'Oeste,,Brazil,,,
União Mogi,Mogi das Cruzes,,Brazil,,,
União São João,Araras,,Brazil,,,
União Suzano,Suzano,,Brazil,,,
Velo Clube,Rio Claro,,Brazil,,,
Votoraty,Votorantim,,Brazil,,,
Votuporanguense,Votuporanga,,Brazil,,,
XV de Caraguatatuba,Caraguatatuba,,Brazil,,,
XV de Jaú,Jaú,,Brazil,,,
XV de Piracicaba,Piracicaba,,Brazil,,,
Americano (SP),Santos,,Brazil,,,
Araçatuba,Araçatuba,,Brazil,,,
BAC,Bauru,,Brazil,,,
Catanduvense,Catanduva,,Brazil,,,
Comercial (SP),São Paulo,,Brazil,,,
Corinthians de Presidente Prudente,Presidente Prudente,,Brazil,,,
Germânia,São Paulo,,Brazil,,,
Internacional de São Paulo,São Paulo,,Brazil,,,
Luzitano,São Paulo,,Brazil,,,
Mackenzie College,São Paulo,,Brazil,,,
Novorizontino,Novo Horizonte,,Brazil,,,
AA Palmeiras,São Paulo,,Brazil,,,
CA Paulista,São Paulo,,Brazil,,,
Paulistano,São Paulo,,Brazil,,,
Ponte Preta Sumaré,Sumaré,,Brazil,,,
São Bento,São Paulo,,Brazil,,,
Sãocarlense,São Carlos,,Brazil,,,
São Paulo Athletic,São Paulo,,Brazil,,,
São Paulo da Floresta,São Paulo,,Brazil,,,
Scottish Wanderers,São Paulo,,Brazil,,,
Amadense,Tobias Barreto,,Brazil,,,
América (SE),Propriá,,Brazil,,,
Boca Júnior,Cristinápolis,,Brazil,,,
Boquinhense,Boquim,,Brazil,,,
Confiança,Aracaju,,Brazil,,,
Coritiba (SE),Itabaiana,,Brazil,,,
Cotinguiba,Aracaju,,Brazil,,,
Estanciano,Estância,,Brazil,,,
Gararu,Gararu,,Brazil,,,
Guarany (SE),Porto da Folha,,Brazil,,,
Itabaiana,Itabaiana,,Brazil,,,
Lagartense,Lagarto,,Brazil,,,
Lagarto,Lagarto,,Brazil,,,
Laranjeiras,Laranjeiras,,Brazil,,,
Maruinense,Maruim,,Brazil,,,
Olímpico,Itabaianinha,,Brazil,,,
Pirambu,Pirambu,,Brazil,,,
Propriá,Propriá,,Brazil,,,
Riachuelo,Riachuelo,,Brazil,,,
River Plate,Carmópolis,,Brazil,,,
São Domingos,São Domingos,,Brazil,,,
Sergipe,Aracaju,,Brazil,,,
Sete de Junho,Tobias Barreto,,Brazil,,,
Socorrense,Nossa Senhora do Socorro,,Brazil,,,
Vasco-SE,Aracaju,,Brazil,,,
Araguaína,Araguaína,,Brazil,,,
Alvorada,Alvorada,,Brazil,,,
Colinas,Colinas do Tocantins,,Brazil,,,
Guaraí,Guaraí,,Brazil,,,
Gurupi,Gurupi,,Brazil,,,
Intercap,Paraíso do Tocantins,,Brazil,,,
Interporto,Porto Nacional,,Brazil,,,
Kaburé,Colinas do Tocantins,,Brazil,,,
Palmas,Palmas,,Brazil,,,
São José (TO),Palmas,,Brazil,,,
Tocantinópolis,Tocantinópolis,,Brazil,,,
Tocantins,Palmas,,Brazil,,,
Tocantins (Miracema),Miracema do Tocantins,,Brazil,,,
Arsenal,Sarandí,Julio Humberto Grondona,Argentina,,,
Atlético de Rafaela,Rafaela,Nuevo Monumental,Argentina,,,
Banfield,Banfield,Florencio Sola,Argentina,,,
Belgrano,Córdoba,Gigante de Alberdi,Argentina,,,
Boca Juniors,Buenos Aires,Alberto J. Armando (La Bombonera),Argentina,,,
Defensa y Justicia,Florencio Varela,"Norberto ""Tito"" Tomaghello",Argentina,,,
Estudiantes (LP),La Plata,Estadio Único de La Plata,Argentina,,,
Gimnasia y Esgrima (La Plata),La Plata,Juan Carmelo Zerillo,Argentina,,,
Godoy Cruz,Godoy Cruz,Malvinas Argentinas,Argentina,,,
Independiente,Avellaneda,Libertadores de América,Argentina,,,
Lanús,Lanús,Ciudad de Lanús – Néstor Díaz Pérez,Argentina,,,
Newell's Old Boys,Rosario,Marcelo Bielsa,Argentina,,,
Olimpo,Bahía Blanca,Roberto Natalio Carminatti,Argentina,,,
Quilmes,Quilmes,Centenario Dr. José Luis Meiszner,Argentina,,,
Racing Club,Avellaneda,Presidente Juan Domingo Perón,Argentina,,,
River Plate,Buenos Aires,Monumental Antonio V. Liberti,Argentina,,,
Rosario Central,Rosario,Gigante de Arroyito,Argentina,,,
San Lorenzo,Buenos Aires,Pedro Bidegain,Argentina,,,
Tigre,Victoria,Coliseo de Victoria,Argentina,,,
Vélez Sársfield,Buenos Aires,José Amalfitani,Argentina,,,
Aldosivi,Mar del Plata,José María Minella,Argentina,,,
All Boys,Buenos Aires,Islas Malvinas,Argentina,,,
Argentinos Juniors,Buenos Aires,Diego Armando Maradona,Argentina,,,
Atlético Tucumán,San Miguel de Tucumán,Monumental Presidente José Fierro,Argentina,,,
Boca Unidos,Corrientes,José Antonio Romero Feris,Argentina,,,
Colón,Santa Fe,Brigadier General Estanislao López,Argentina,,,
Crucero del Norte,Garupá,Comandante Andrés Guacurarí,Argentina,,,
Douglas Haig,Pergamino,Miguel Morales,Argentina,,,
Ferro Carril Oeste,Buenos Aires,Arq. Ricardo Etcheverry,Argentina,,,
Gimnasia y Esgrima (Jujuy),San Salvador de Jujuy,23 de Agosto,Argentina,,,
Guaraní Antonio Franco,Posadas,Estadio Clemente Oliviera,Argentina,,,
Huracán,Buenos Aires,Tomás Adolfo Ducó,Argentina,,,
Independiente Rivadavia,Mendoza,Bautista Gargantini,Argentina,,,
Instituto,Córdoba,Presidente Perón,Argentina,,,
Nueva Chicago,Buenos Aires,Estadio Nueva Chicago,Argentina,,,
Patronato,Paraná,Presbítero Bartolomé Grella,Argentina,,,
San Martín,San Juan,Bicentenario,Argentina,,,
Sarmiento,Junín,Estadio Eva Perón,Argentina,,,
Sportivo Belgrano,San Francisco,Oscar C. Boero,Argentina,,,
Temperley,Temperley,Estadio Alfredo Beranger,Argentina,,,
Unión,Santa Fe,15 de Abril,Argentina,,,
Acassuso,Boulogne,Estadio La Quema,Argentina,,,
Almagro,José Ingenieros,Estadio Tres de Febrero,Argentina,,,
Almirante Brown,Isidro Casanova,Fragata Presidente Sarmiento,Argentina,,,
Atlanta,Buenos Aires,Don León Kolbovski,Argentina,,,
Barracas Central,Buenos Aires,Estadio Barracas Central,Argentina,,,
Brown de Adrogué,Adrogué,Estadio Lorenzo Arandilla,Argentina,,,
Chacarita Juniors,Villa Maipú,Chacarita Juniors,Argentina,,,
Colegiales,Munro,Estadio Bajo Munro,Argentina,,,
Comunicaciones,Buenos Aires,Estadio Alfredo Ramos,Argentina,,,
Defensores de Belgrano,Buenos Aires,Estadio Juan Pasquale,Argentina,,,
Deportivo Armenio,Ingeniero Maschwitz,Estadio Armenia,Argentina,,,
Deportivo Español,Buenos Aires,Estadio Nueva España,Argentina,,,
Deportivo Merlo,Parque San Martín,José Manuel Moreno,Argentina,,,
Deportivo Morón,Morón,Estadio Francisco Urbano,Argentina,,,
Estudiantes (BA),Caseros,Estadio Ciudad de Caseros,Argentina,,,
Fénix,Pilar,Estadio Municipal de Pilar,Argentina,,,
Los Andes,Lomas de Zamora,Estadio Eduardo Gallardón,Argentina,,,
Platense,Florida,Estadio Ciudad de Vicente López,Argentina,,,
Sportivo Italiano,Ciudad Evita,Estadio de Sportivo Italiano,Argentina,,,
Tristán Suárez,Tristán Suárez,"Estadio ""20 de Octubre"" Tristán Suárez",Argentina,,,
UAI Urquiza,Villa Lynch,Estadio Monumental de Villa Lynch,Argentina,,,
Villa Dálmine,Campana,Estadio Villa Dálmine,Argentina,,,
Villa San Carlos,Berisso,Estadio Gennasio Salice,Argentina,,,
Argentino (M),Merlo,Estadio Juan Carlos Brevia,Argentina,,,
Argentino (Q),Quilmes,Estadio Argentino de Quilmes,Argentina,,,
Berazategui,Berazategui,Estadio Norman Lee,Argentina,,,
Cambaceres,Ensenada,Estadio Defensores de Cambaceres,Argentina,,,
Central Córdoba (R),Rosario,Estadio Gabino Sosa,Argentina,,,
Defensores Unidos,Zárate,Estadio Defensores Unidos,Argentina,,,
Deportivo Laferrere,Gregorio de Lafèrrere,Estadio Deportivo Laferrere,Argentina,,,
Deportivo Riestra,Buenos Aires,Estadio Guillermo Laza,Argentina,,,
Dock Sud,Dock Sud,Estadio de Los Inmigrantes,Argentina,,,
Excursionistas,Buenos Aires,Estadio Excursionistas,Argentina,,,
Flandria,Jáuregui,Estadio Carlos V,Argentina,,,
Ferrocarril Midland,Libertad,Estadio Ferrocarril Midland,Argentina,,,
General Lamadrid,Buenos Aires,Estadio Enrique Sexto,Argentina,,,
J. J. de Urquiza,Loma Hermosa,Estadio Ramón la Cueva,Argentina,,,
Juventud Unida,San Miguel,Estadio Franco Murggieri,Argentina,,,
Luján,Luján,Campo Municipal de Deportes,Argentina,,,
Sacachispas,Buenos Aires,Estadio Beto Larossa,Argentina,,,
San Telmo,Dock Sud,Estadio Dr. Osvaldo Baletto,Argentina,,,
Talleres (RE),Remedios de Escalada,Estadio Talleres de Remedios de Escalada,Argentina,,,
Argentino (R),Rosario,Estadio José María Olaeta,Argentina,,,
Atlas,General Rodríguez,Estadio Ricardo Puga,Argentina,,,
Atlético Lugano,Tapiales,Estadio Club Atlético Lugano,Argentina,,,
Cañuelas,Cañuelas,Estadio José Arin,Argentina,,,
Central Ballester,José León Suárez,,Argentina,,,
Centro Español,Villa Sarmiento,,Argentina,,,
Claypole,Claypole,Estadio Club Atlético Lugano,Argentina,,,
El Porvenir,Gerli,Estadio Gildo Francisco Ghersinich,Argentina,,,
Ituzaingó,Ituzaingó,Estadio Ituzaingó,Argentina,,,
Leandro N. Alem,General Rodríguez,Estadio Leandro N. Alem,Argentina,,,
Liniers,San Justo,Estadio Juan Antonio Arias,Argentina,,,
Muñiz,Muñiz,,Argentina,,,
Puerto Nuevo,Campana,Estadio Rubén Carlos Vallejos,Argentina,,,
San Martín (B),Burzaco,Estadio Francisco Boga,Argentina,,,
San Miguel,San Miguel,Estadio Malvinas Argentinas,Argentina,,,
Sportivo Barracas,San Carlos de Bolívar,Estadio Municipal de Bolívar,Argentina,,,
Victoriano Arenas,Valentín Alsina,Estadio Saturnino Moure,Argentina,,,
Alianza Atlético,Sullana,Miguel Grau (Piura),Peru,,,
Alianza Lima,Lima,Alejandro Villanueva,Peru,,,
Ayacucho,Ayacucho,Ciudad de Cumaná,Peru,,,
Cienciano,Cusco,Garcilaso,Peru,,,
Juan Aurich,Chiclayo,Elías Aguirre,Peru,,,
León de Huánuco,Huánuco,Heraclio Tapia,Peru,,,
Melgar,Arequipa,Virgen de Chapi,Peru,,,
Municipal,Lima,Iván Elías Moreno,Peru,,,
Real Garcilaso,Cusco,Garcilaso,Peru,,,
Sport Huancayo,Huancayo,Estadio Huancayo,Peru,,,
Sport Loreto,Pucallpa,Aliardo Soria,Peru,,,
Sporting Cristal,Lima,Alberto Gallardo,Peru,,,
Unión Comercio,Nueva Cajamarca,IPD de Moyobamba,Peru,,,
Universidad César Vallejo,Trujillo,Mansiche,Peru,,,
Universidad San Martín,Lima,Alberto Gallardo,Peru,,,
Universidad Técnica de Cajamarca,Cajamarca,Héroes de San Ramón,Peru,,,
Universitario,Lima,Monumental,Peru,,,
Águilas Doradas,Rionegro,Alberto Grisales,Colombia,,,
Alianza Petrolera,Barrancabermeja,Daniel Villa Zapata,Colombia,,,
Atlético Huila,Neiva,Guillermo Plazas Alcid,Colombia,,,
Atlético Nacional,Medellín,Atanasio Girardot,Colombia,,,
Boyacá Chicó,Tunja,La Independencia,Colombia,,,
Cortuluá,Tuluá,Doce de Octubre,Colombia,,,
Cúcuta Deportivo,Cúcuta,General Santander,Colombia,,,
Deportes Tolima,Ibagué,Manuel Murillo Toro,Colombia,,,
Deportivo Cali,Cali,Deportivo Cali,Colombia,,,
Deportivo Pasto,Pasto,Libertad,Colombia,,,
Envigado,Envigado,Polideportivo Sur,Colombia,,,
Independiente Medellín,Medellín,Atanasio Girardot,Colombia,,,
Jaguares,Montería,Municipal de Montería,Colombia,,,
Junior,Barranquilla,Metropolitano Roberto Meléndez,Colombia,,,
La Equidad,Bogotá,Metropolitano de Techo,Colombia,,,
Millonarios,Bogotá,Nemesio Camacho,Colombia,,,
Once Caldas,Manizales,Palogrande,Colombia,,,
Patriotas,Tunja,La Independencia,Colombia,,,
Santa Fe,Bogotá,Nemesio Camacho,Colombia,,,
Uniautónoma,Barranquilla,Metropolitano Roberto Meléndez,Colombia,,,
América de Cali,Cali,Pascual Guerrero,Colombia,,,
Atlético Bucaramanga,Bucaramanga,Alfonso López,Colombia,,,
Barranquilla F.C.,Barranquilla,Romelio Martínez,Colombia,,,
Bogotá F.C.,Bogotá,Metropolitano de Techo,Colombia,,,
Depor F.C.,Cali,Pascual Guerrero,Colombia,,,
Deportes Quindío,Armenia,Centenario,Colombia,,,
Deportivo Pereira,Pereira,Hernán Ramírez Villegas,Colombia,,,
Expreso Rojo,Girardot,Luis Antonio Duque,Colombia,,,
Fortaleza F.C.,Bogotá,Metropolitano de Techo,Colombia,,,
Leones F.C.,Turbo,John Jairo Tréllez,Colombia,,,
Llaneros F.C.,Villavicencio,Manuel Calle Lombana,Colombia,,,
Real Cartagena,Cartagena,Jaime Morón León,Colombia,,,
Real Santander,Floridablanca,Álvaro Gómez Hurtado,Colombia,,,
Unión Magdalena,Santa Marta,Municipal de Ciénaga,Colombia,,,
Universitario Popayán,Popayán,Ciro López,Colombia,,,
Valledupar F.C.,Valledupar,Armando Maestre Pavajeau,Colombia,,,
Albion,Montevideo,,Uruguay,,,
Alto Perú,Montevideo,,Uruguay,,,
Pegaso,San Carlos,,Uruguay,,,
Basañez,Montevideo,,Uruguay,,,
Bella Vista,Montevideo,,Uruguay,,,
Boston River,Montevideo,,Uruguay,,,
Central Español,Montevideo,,Uruguay,,,
Cerrito,Montevideo,,Uruguay,,,
Cerro,Montevideo,,Uruguay,,,
Cerro Largo,Melo,,Uruguay,,,
Colón F.C.,Montevideo,,Uruguay,,,
Coraceros,Montevideo,,Uruguay,,,
Danubio,Montevideo,,Uruguay,,,
Defensor Sporting,Montevideo,,Uruguay,,,
Deportivo Maldonado,Maldonado,,Uruguay,,,
Durazno,Durazno,,Uruguay,,,
El Tanque Sisley,Montevideo,,Uruguay,,,
Fénix,Montevideo,,Uruguay,,,
Huracán,Montevideo,,Uruguay,,,
Juventud Las Piedras,Las Piedras,,Uruguay,,,
Liverpool,Montevideo,,Uruguay,,,
Mar de Fondo,Montevideo,,Uruguay,,,
Miramar Misiones,Montevideo,,Uruguay,,,
Montevideo Wanderers,Montevideo,,Uruguay,,,
Nacional,Montevideo,,Uruguay,,,
Oriental,La Paz,,Uruguay,,,
Parque del Plata,Parque del Plata,,Uruguay,,,
Peñarol,Montevideo,,Uruguay,,,
Platense,Montevideo,,Uruguay,,,
Plaza Colonia,Colonia del Sacramento,,Uruguay,,,
Potencia,Montevideo,,Uruguay,,,
Progreso,Montevideo,,Uruguay,,,
Racing,Montevideo,,Uruguay,,,
Rampla Juniors,Montevideo,,Uruguay,,,
Rentistas,Montevideo,,Uruguay,,,
River Plate,Montevideo,,Uruguay,,,
Rocha,Rocha,,Uruguay,,,
Sud América,Montevideo,,Uruguay,,,
Tacuarembó,Tacuarembó,,Uruguay,,,
Torque,Montevideo,,Uruguay,,,
Uruguay Montevideo,Montevideo,,Uruguay,,,
Villa Teresa,Montevideo,,Uruguay,,,
Chicago Fire,Bridgeview,Toyota Park,Canada,,,
Columbus Crew SC,Columbus,Mapfre Stadium,USA,,,
D.C. United,"Washington, DC",RFK Stadium 1 2,USA,,,
Montreal Impact,Montreal,Saputo Stadium,Canada,,,
New England Revolution,Foxborough,Gillette Stadium 1 2,USA,,,
New York City FC,New York,Yankee Stadium 1 2,USA,,,
New York Red Bulls,Harrison,Red Bull Arena,USA,,,
Orlando City SC,Orlando,Orlando Citrus Bowl Stadium 1 2,USA,,,
Philadelphia Union,Chester,PPL Park,USA,,,
Toronto FC,Toronto,BMO Field,Canada,,,
Colorado Rapids,Commerce City,Dick's Sporting Goods Park,USA,,,
FC Dallas,"Frisco, ",Toyota Stadium,USA,,,
Houston Dynamo,Houston,BBVA Compass Stadium,USA,,,
LA Galaxy,Carson,StubHub Center,USA,,,
Portland Timbers,Portland,Providence Park,USA,,,
Real Salt Lake,Sandy,Rio Tinto Stadium,USA,,,
San Jose Earthquakes,San Jose,Avaya Stadium,USA,,,
Seattle Sounders FC,Seattle,CenturyLink Field 1,USA,,,
Sporting Kansas City,Kansas City,Sporting Park,USA,,,
Vancouver Whitecaps FC,Vancouver,BC Place1,Canada,,,
